"filename", "language", "JavaScript", "CSS", "comment", "blank", "total"
"c:\Users\mamum\Documents\dev\deepwoken\mimler123.github.io\src\components\CreateGuild\CreateGuild.css", "CSS", 0, 33, 0, 1, 34
"c:\Users\mamum\Documents\dev\deepwoken\mimler123.github.io\src\components\CreateGuild\CreateGuild.js", "JavaScript", 53, 0, 0, 5, 58
"c:\Users\mamum\Documents\dev\deepwoken\mimler123.github.io\src\components\CreateMarker\CreateMarker.css", "CSS", 0, 150, 0, 6, 156
"c:\Users\mamum\Documents\dev\deepwoken\mimler123.github.io\src\components\CreateMarker\CreateMarker.js", "JavaScript", 76, 0, 0, 10, 86
"c:\Users\mamum\Documents\dev\deepwoken\mimler123.github.io\src\components\Google\Google.css", "CSS", 0, 24, 0, 1, 25
"c:\Users\mamum\Documents\dev\deepwoken\mimler123.github.io\src\components\Google\Google.js", "JavaScript", 28, 0, 4, 3, 35
"c:\Users\mamum\Documents\dev\deepwoken\mimler123.github.io\src\components\JoinGuild\JoinGuild.css", "CSS", 0, 34, 0, 1, 35
"c:\Users\mamum\Documents\dev\deepwoken\mimler123.github.io\src\components\JoinGuild\JoinGuild.js", "JavaScript", 49, 0, 0, 5, 54
"c:\Users\mamum\Documents\dev\deepwoken\mimler123.github.io\src\components\LeftBar\LeftBar.css", "CSS", 0, 149, 0, 1, 150
"c:\Users\mamum\Documents\dev\deepwoken\mimler123.github.io\src\components\LeftBar\LeftBar.js", "JavaScript", 242, 0, 36, 14, 292
"c:\Users\mamum\Documents\dev\deepwoken\mimler123.github.io\src\components\Map\Map.css", "CSS", 0, 42, 0, 0, 42
"c:\Users\mamum\Documents\dev\deepwoken\mimler123.github.io\src\components\Map\Map.js", "JavaScript", 102, 0, 4, 16, 122
"c:\Users\mamum\Documents\dev\deepwoken\mimler123.github.io\src\components\Map\MapO.js", "JavaScript", 109, 0, 7, 18, 134
"c:\Users\mamum\Documents\dev\deepwoken\mimler123.github.io\src\components\Map\MapOO.js", "JavaScript", 157, 0, 2, 13, 172
"c:\Users\mamum\Documents\dev\deepwoken\mimler123.github.io\src\components\Map\MapOOO.js", "JavaScript", 114, 0, 4, 13, 131
"c:\Users\mamum\Documents\dev\deepwoken\mimler123.github.io\src\components\RightBar\RightBar.css", "CSS", 0, 53, 4, 1, 58
"c:\Users\mamum\Documents\dev\deepwoken\mimler123.github.io\src\components\RightBar\RightBar.js", "JavaScript", 95, 0, 0, 2, 97
"c:\Users\mamum\Documents\dev\deepwoken\mimler123.github.io\src\components\Start\Start.css", "CSS", 0, 28, 0, 1, 29
"c:\Users\mamum\Documents\dev\deepwoken\mimler123.github.io\src\components\Start\Start.js", "JavaScript", 21, 0, 0, 4, 25
"c:\Users\mamum\Documents\dev\deepwoken\mimler123.github.io\src\components\currentguild\currentguild.css", "CSS", 0, 22, 0, 1, 23
"c:\Users\mamum\Documents\dev\deepwoken\mimler123.github.io\src\components\currentguild\currentguild.js", "JavaScript", 20, 0, 0, 4, 24
"c:\Users\mamum\Documents\dev\deepwoken\mimler123.github.io\src\index.js", "JavaScript", 12, 0, 0, 3, 15
"c:\Users\mamum\Documents\dev\deepwoken\mimler123.github.io\src\math\colortofilter.js", "JavaScript", 271, 0, 3, 42, 316
"c:\Users\mamum\Documents\dev\deepwoken\mimler123.github.io\src\pages\App.css", "CSS", 0, 20, 0, 3, 23
"c:\Users\mamum\Documents\dev\deepwoken\mimler123.github.io\src\pages\App.js", "JavaScript", 60, 0, 0, 7, 67
"c:\Users\mamum\Documents\dev\deepwoken\mimler123.github.io\src\services\createguild.js", "JavaScript", 11, 0, 0, 5, 16
"c:\Users\mamum\Documents\dev\deepwoken\mimler123.github.io\src\services\currentguild.js", "JavaScript", 17, 0, 0, 5, 22
"c:\Users\mamum\Documents\dev\deepwoken\mimler123.github.io\src\services\fetched.js", "JavaScript", 11, 0, 0, 5, 16
"c:\Users\mamum\Documents\dev\deepwoken\mimler123.github.io\src\services\firebase.js", "JavaScript", 16, 0, 1, 5, 22
"c:\Users\mamum\Documents\dev\deepwoken\mimler123.github.io\src\services\items.js", "JavaScript", 15, 0, 0, 5, 20
"c:\Users\mamum\Documents\dev\deepwoken\mimler123.github.io\src\services\joinguild.js", "JavaScript", 11, 0, 0, 5, 16
"c:\Users\mamum\Documents\dev\deepwoken\mimler123.github.io\src\services\locations.js", "JavaScript", 17, 0, 1, 5, 23
"c:\Users\mamum\Documents\dev\deepwoken\mimler123.github.io\src\services\quests.js", "JavaScript", 15, 0, 0, 5, 20
"c:\Users\mamum\Documents\dev\deepwoken\mimler123.github.io\src\services\rerender.js", "JavaScript", 11, 0, 0, 5, 16
"c:\Users\mamum\Documents\dev\deepwoken\mimler123.github.io\src\services\selCoords.js", "JavaScript", 11, 0, 0, 5, 16
"c:\Users\mamum\Documents\dev\deepwoken\mimler123.github.io\src\services\start.js", "JavaScript", 11, 0, 0, 5, 16
"Total", "-", 1555, 555, 66, 230, 2406